attempt,load_rps,result,note,evidence_directory,report,report_sha256,job_sha256
E01,15,INVALID,preflight; no formal,S7-15RPS-20261005-attempt-01,experiment-report.md,e9f34a309888c05f3c637ae843f67bdf59982e37d761df78e4b7b380fc0b9bfa,see local identity evidence
E02,15,INVALID,warm-up; no formal,S7-15RPS-20261005-attempt-02,experiment-report.md,611ace1cc90a3a9d24dfcbb8400ae222e41e8c18e365c8dbd7405e9a65c986ab,see local identity evidence
E03,15,INVALID,observability gate; no formal,S7-15RPS-20261005-attempt-03,recovery-status.md,161f6950515655e3443716f66b8a00fbaf2fbd59167a3336a82e002b095e07a6,see local identity evidence
E04,15,INVALID,warm-up; no formal,S7-15RPS-20261005-attempt-04,experiment-report.md,872548c30a2b7995bd8d57d7c753ea10d0eb38190be35fd35263db9e9c7399ff,see local identity evidence
E05,15,INVALID,warm-up; no formal,S7-15RPS-20261005-s7e7-attempt05,report.md,691a7cd78dbfc508a2af7ed49d087e4fd5389db0b4913a638c1441e049be5eea,475569cdbf1cc0dc318b6e91539a6175f6be4f9385731ecf193d162bc2951cb7
E06,15,SUSPECT_FAILURE,formal timeouts; not repeated in clean confirmation,S7-15RPS-20261005-s7e7-attempt06,attempt06-report.md,6f5a94668346595d5a2622cada61590d223ed4dd65198ed07e88fe4da996aaaa,4273df73442f35f48b795e7856532a9d2c1dfb644c2abd5cba2e0b327a927a49
E07,15,HEALTHY,180s clean confirmation,S7-15RPS-20261006-s7e7-attempt07,attempt07-report.md,a7b0854b773317cc31e88c9af55706474fed49810f8434a330618b3bf5f9e7b6,87f201b88fde1f870a9870d3c33dae11e8871d49ca78369f4461c83213573313
E08,18,HEALTHY,180s,S7-18RPS-20261006-s7e7-attempt08,attempt08-report.md,2804a182d2fda8b2d83c82b860730c78cc52cfdfd78abbaa68a157c1c2ff23df,18d62fe4740e785e5c10a683899f68cae14ed0c21f7871afaa72a5a6e8f3ca7a
E09,21,HEALTHY,180s,S7-21RPS-20261006-s7e7-attempt09,attempt09-report.md,4b33b4067deed04dd4962b5bdcdbeedcba2e56e924327db177fe350eb39ef7fc,3fd034f3358708cdd0f12d6418c4220867b65ca4c20890167daf7937c775aec6
E10,30,SUSPECT_FAILURE,180s; original TRANSITION_UNSTABLE; first minute slow,S7-30RPS-20261006-s7e7-attempt10,attempt10-report.md,a462a41103006b414f4f9a11c3e80e4a8e2fde10df81b9a41c1228b70e0641ad,6a3b578828b803ced11757a166d6805a79e901984140e50b00d68f4cbb4a73ab
E11,30,HEALTHY,120s ramp + 300s steady,S7-30RPS-RAMP-20261006-s7e7-attempt11,attempt11-report.md,7247cb814a267d798e69562edfce0656896f4f13c268f25e298e2b8861e45176,017269da954960fd679cdf5f8779f99b778f169a6fe1bbb1c2c76f1dfb3127bd
E12,45,SUSPECT_FAILURE,120s ramp + 300s steady; first transition degradation,S7-45RPS-RAMP-20261006-s7e7-attempt12,attempt12-report.md,122e82c94325a845242f0dbb3f639818830619c84de83a08ce2b39c28a4ffae6,8ba702a9948c20dbb026c247247b6187cf42072f9dd4bc3952aead82f4ec655e
E13,45,INVALID,warm-up; no formal,S7-45RPS-RAMP-20261006-s7e7-attempt13,attempt13-report.md,417cc7b7a1d1ea78c1d655d074b013199ea062d79dc807088f6beac86b993925,8819e766be85d33395bb5f7e31302f81d9176d668be9cd9a0680747b13768fce
E14,45,SUSPECT_FAILURE,clean confirmation of E12; original REPRODUCIBLE_TRANSITION_DEGRADATION,S7-45RPS-RAMP-20261006-s7e7-attempt14,attempt14-report.md,b4943014be27467efc876e3aa1753077ae97d498a7b9ede3472f99267ad83ff7,596382c87fc999e26b1d59cbe6ab23cae27b36530ae03e49d2cb6fbe40631d7b
E15,45,SUSPECT_FAILURE,300s ramp + 300s settle + 300s measurement; 44 measurement slow triggers,S7-45RPS-ISOLATION-20261006-s7e7-attempt15,attempt15-report.md,d263113ddd4069404d9b1f3e8f8d978ce3feaeb8b7b9d91720314fb6938d31dd,3b831797464220f5695fa3107b52d7539ebf822be2389d33dce2e189f4a20547
E16,39,INVALID,formal ran; post-health/query_range missing,S7-39RPS-ISOLATION-20261006-s7e7-attempt16,attempt16-report.md,e205d5a936f9c174c23ff6710175e1f29ba0db1621e09c187d0650278272f7e2,6a1406be11606c401604d37edc71cff5e2f0fb58c8eb03be14b16d3ca584f882
E17,39,INVALID,warm-up failed; formal NOT TESTED,S7-39RPS-CLOSEOUT-20261006-s7e7-attempt17,attempt17-report.md,5cc0b9d12447560f95af18b773ddfade57a94563f47aa81b094fa1292e046018,76a4e7db340cc73ad20fb7469c37f04d41f0f446e5af17cbda6058c0778b761a
E18,39,NOT_STARTED,prepared only; Lab recovery blocked; no preflight/warm-up/formal,S7-39RPS-CLOSEOUT-20261006-s7e7-attempt18,,,dd28898103b69f060c2d0093f15ce0fe80ba6452b51618df2c5336f7aba4a7f1
